id;title;text;url;tags;category
26111111;Lorem ipsum dolor;Lorem ipsum dolor sit amet, consectetur adipiscing elit. Aliquam maximus, augue sit amet iaculis ornare, lacus mi viverra risus, eu elementum libero felis a mauris. Nunc dignissim nec sem ac finibus. Suspendisse nec metus arcu. Nam consectetur sollicitudin sem, quis fringilla tortor viverra eget.;/lorem-ipsum-dolor;Drupal,Php;Education
27111111;Sit amet, consectetur;Ut eget finibus mi. Nulla et vehicula dolor. Ut id lobortis nisi. Phasellus eu laoreet est, vel malesuada felis. Nullam rutrum ante ac metus luctus, eu mollis mauris euismod. Duis orci arcu, rutrum a eleifend varius, hendrerit ut arcu. Phasellus dapibus augue congue, ultrices urna ut, iaculis est.;/sit-amet-consectetur;Drupal 9,Drupal,Php;IT-Technology
28111111;Donec porttitor erat;Nam nisl quam, dignissim vitae odio in, dictum facilisis odio. Nam orci nulla, dignissim id feugiat ut, interdum in mauris. Proin tristique felis eu commodo semper. In nisl tortor, ullamcorper vitae rhoncus nec, accumsan id dolor. Duis interdum, est nec malesuada ornare, neque lorem mollis dolor, in fringilla risus est a nulla.;/donec-porttitor-erat;Football,Sport;Hobby
29111111;Nunc viverra ex sit;In scelerisque, neque vel pulvinar imperdiet, justo mi gravida nisi, a tincidunt nisl magna viverra justo. Phasellus hendrerit ullamcorper eros nec vestibulum. Mauris vel finibus ipsum, quis aliquam ex. Aenean sit amet lorem magna. Etiam mollis finibus velit sed finibus. Maecenas a erat justo.;/nunc-viverra-ex-sit;Js;IT-Technology
30111111;Sed1 dicqqq1 mattis;Proin tempor magna vitae dolor egestas scelerisque. Nullam at tellus convallis odio scelerisque pulvinar eget in augue. Cras vulputate dui at dictum iaculis. Nullam sit amet rhoncus tellus, sed eleifend turpis. Maecenas viverra leo vestibulum risus eleifend tincidunt. Pellentesque in ultricies erat. Nunc rutrum eget nisi vitae pulvinar.;/sed-dictum-mattis;Phpqqwq,Js,Winqqwq;Winq
31111111;Praesent ut odio dictum;Integer ac velit venenatis sem sodales euismod mollis vel metus. Pellentesque ligula dolor, sodales nec enim eu, ultricies malesuada dolor. Aenean ac rutrum sapien, quis ullamcorper mauris. Ut sapien quam, tempus quis pharetra eget, dignissim et libero. Nulla ac feugiat nunc. Praesent luctus sodales aliquam. Donec sit amet pharetra odio. Nam bibendum fringilla nisl at sollicitudin.;/praesent-ut-odio-dictum;Sport;Hobby
32111111;Aliquam ut felis;Donec aliquam, ligula eleifend blandit tristique, elit justo gravida purus, eu eleifend tellus urna ac ipsum. Aliquam tempor ut ante non aliquam. Donec rhoncus, nulla quis tincidunt vulputate, est turpis blandit tellus, aliquam dignissim enim elit a enim. Proin posuere ipsum quis mi hendrerit sollicitudin. Suspendisse dapibus lobortis turpis dapibus tincidunt.;/aliquam-ut-felis;Drupal 9,Drupal;Education
34111111;Cras vitae orci euismod;In commodo aliquet gravida. Maecenas tempor turpis odio. Sed porttitor vulputate lacus, ut ultricies diam laoreet eu. In cursus eget quam et commodo. Vestibulum ante ipsum primis in faucibus orci luctus et ultrices posuere cubilia curae; Donec mattis, lectus pharetra sagittis ullamcorper, velit odio gravida ex, at sagittis turpis dolor in elit. Duis felis nunc, congue vitae nunc sit amet, scelerisque pulvinar magna.;/cras-vitae-orci-euismod;Php;IT-Technology
35111111;Ut a sapien blandit;Sed pellentesque lacus eu quam porta, sed elementum lorem viverra. Quisque venenatis, augue vitae gravida laoreet, tortor massa tincidunt diam, sit amet ornare ante augue ac lacus. Aenean non maximus ex. Quisque eget est malesuada, ultrices dolor a, congue justo. Mauris tristique diam eget lorem venenatis, vestibulum accumsan est venenatis.;/ut-a-sapien-blandit;Drupal;IT-Technology
36111111;Quisque facilisis ipsum;Sed congue dui in est tristique blandit. Nam sit amet neque id sapien luctus rutrum vel et massa. In elit nunc, posuere vel purus eget, feugiat tincidunt sem. Sed pretium, elit in blandit finibus, ipsum velit porttitor metus, sed scelerisque nunc nibh quis purus. Nam odio quam, condimentum nec condimentum at, luctus et dui. Sed condimentum condimentum pulvinar.;/quisque-facilisis-ipsum;Php,Js,Drupal 9,Drupal;Education
